{ "height":20,
 "layers":[
        {
         "data":[0, 0, 0, 0, 0, 0, 0, 0, 0, 0, 0, 0, 0, 0, 0, 0, 0, 0, 0, 0, 0, 0, 0, 0, 0, 0, 0, 0, 0, 0, 0, 0, 0, 0, 0, 0, 0, 0, 0, 0, 0, 0, 0, 0, 0, 0, 0, 0, 0, 0, 0, 0, 0, 0, 0, 0, 0, 0, 0, 0, 0, 0, 0, 0, 0, 0, 0, 0, 0, 0, 0, 0, 0, 0, 0, 0, 0, 0, 0, 0, 0, 0, 0, 0, 0, 0, 0, 0, 0, 0, 0, 0, 0, 0, 0, 0, 0, 0, 0, 0, 0, 0, 0, 0, 0, 0, 0, 0, 0, 0, 0, 0, 0, 0, 0, 0, 0, 0, 0, 0, 0, 0, 0, 0, 0, 0, 0, 0, 0, 0, 0, 0, 0, 0, 0, 0, 0, 0, 0, 0, 0, 0, 0, 0, 0, 0, 0, 0, 0, 0, 0, 0, 0, 0, 0, 0, 0, 0, 0, 0, 0, 0, 0, 0, 0, 0, 0, 0, 0, 0, 0, 0, 0, 0, 0, 0, 0, 0, 0, 0, 0, 0, 0, 0, 0, 0, 0, 0, 0, 0, 0, 0, 0, 0, 0, 0, 0, 0, 0, 0, 0, 0, 0, 0, 0, 0, 0, 0, 0, 0, 0, 0, 0, 0, 0, 0, 0, 0, 0, 0, 0, 0, 0, 0, 0, 0, 0, 0, 0, 0, 0, 0, 0, 0, 0, 0, 0, 0, 0, 0, 0, 0, 0, 0, 0, 0, 0, 0, 0, 0, 0, 0, 0, 0, 0, 0, 0, 0, 0, 0, 0, 0, 0, 0, 0, 0, 0, 0, 0, 0, 0, 0, 0, 0, 0, 0, 0, 0, 0, 0, 0, 0, 0, 0, 0, 0, 0, 0, 0, 0, 0, 0, 0, 0, 0, 0, 0, 0, 0, 0, 0, 0, 0, 0, 0, 0, 0, 0, 0, 0, 0, 0, 0, 0, 0, 0, 0, 0, 0, 0, 0, 0, 0, 0, 0, 0, 0, 0, 0, 0, 0, 0, 0, 0, 0, 0, 0, 0, 0, 0, 0, 0, 0, 0, 0, 0, 0, 0, 0, 0, 0, 0, 0, 0, 0, 0, 0, 0, 0, 0, 0, 0, 0, 0, 0, 0, 0, 0, 0, 0, 0, 0, 0, 0, 0, 0, 0, 0, 0, 0, 0, 0, 0, 0, 0, 0, 0, 0, 0, 0, 0, 0, 0, 0, 0, 0, 0, 0, 0, 0, 0, 0, 0, 0, 0, 0, 0, 0, 0, 0, 0, 0, 0, 0, 0, 0, 0, 0, 0, 0, 0, 0, 0, 0, 0, 0, 0, 0, 0, 0, 0, 0, 0, 0, 0, 0, 0, 0, 0, 0, 0, 0, 0, 0, 0, 0, 0, 0, 0, 0, 34, 34, 34, 34, 34, 34, 34, 34, 34, 34, 34, 34, 34, 23, 34, 34, 34, 34, 34, 23, 34, 34, 34, 23, 34, 34, 34, 34, 34, 34, 0, 0, 0, 0, 0, 0, 0, 0, 0, 0, 0, 0, 0, 0, 0, 0, 0, 0, 0, 0, 0, 0, 0, 0, 0, 0, 0, 0, 0, 0, 0, 0, 0, 0, 0, 0, 0, 0, 0, 0, 0, 0, 0, 0, 0, 0, 0, 0, 0, 0, 0, 0, 0, 0, 0, 0, 0, 0, 0, 0, 0, 0, 0, 0, 0, 0, 0, 0, 0, 0, 0, 0, 0, 0, 0, 0, 0, 0, 0, 0, 0, 0, 0, 0, 0, 0, 0, 0, 0, 0, 0, 0, 0, 0, 0, 0, 0, 0, 0, 0, 0, 0, 0, 0, 0, 0, 0, 0, 0, 0, 0, 0, 0, 0, 0, 0, 0, 0, 0, 0],
         "height":20,
         "name":"Background",
         "opacity":1,
         "type":"tilelayer",
         "visible":true,
         "width":30,
         "x":0,
         "y":0
        }, 
        {
         "data":[0, 0, 0, 0, 0, 0, 0, 0, 0, 0, 0, 0, 0, 0, 0, 0, 0, 0, 0, 0, 0, 0, 0, 0, 0, 0, 0, 0, 0, 0, 0, 0, 0, 0, 0, 0, 0, 0, 0, 0, 0, 0, 0, 0, 0, 0, 0, 0, 0, 0, 0, 0, 0, 0, 0, 0, 0, 0, 0, 0, 0, 0, 0, 0, 0, 0, 0, 0, 0, 0, 0, 0, 0, 0, 0, 0, 0, 0, 0, 0, 0, 0, 0, 0, 0, 0, 0, 0, 0, 0, 0, 0, 0, 0, 0, 0, 0, 0, 0, 0, 155, 156, 0, 0, 0, 0, 0, 0, 0, 0, 155, 156, 0, 0, 0, 0, 0, 0, 0, 0, 0, 0, 0, 0, 0, 0, 0, 0, 0, 0, 0, 0, 0, 0, 0, 0, 0, 0, 0, 0, 0, 0, 0, 0, 0, 0, 0, 0, 0, 0, 0, 0, 0, 142, 143, 0, 0, 0, 0, 0, 0, 0, 0, 0, 0, 0, 0, 0, 0, 0, 0, 0, 0, 0, 0, 155, 156, 0, 0, 0, 0, 0, 0, 0, 0, 0, 0, 0, 0, 0, 0, 0, 0, 0, 0, 0, 0, 0, 0, 0, 0, 0, 0, 0, 0, 0, 0, 0, 0, 0, 0, 0, 0, 0, 0, 0, 0, 0, 0, 0, 0, 0, 0, 0, 0, 0, 0, 0, 0, 0, 0, 0, 0, 0, 0, 0, 0, 0, 0, 0, 0, 0, 0, 0, 0, 0, 0, 0, 0, 0, 0, 0, 0, 0, 0, 0, 0, 0, 0, 0, 0, 0, 0, 0, 0, 0, 0, 0, 0, 0, 0, 0, 0, 0, 0, 0, 0, 0, 0, 0, 0, 0, 0, 0, 0, 0, 0, 0, 0, 0, 0, 0, 0, 0, 0, 0, 0, 0, 0, 0, 0, 0, 0, 0, 0, 0, 0, 0, 0, 0, 0, 0, 0, 0, 0, 0, 0, 0, 0, 0, 0, 0, 0, 0, 0, 0, 0, 0, 0, 0, 0, 0, 0, 0, 0, 0, 0, 0, 0, 0, 0, 0, 0, 0, 0, 0, 0, 0, 0, 0, 0, 0, 0, 0, 0, 0, 0, 0, 0, 0, 0, 0, 0, 0, 0, 0, 0, 0, 0, 0, 0, 0, 0, 0, 0, 0, 0, 0, 0, 0, 0, 0, 0, 0, 0, 0, 0, 0, 0, 0, 0, 0, 0, 0, 0, 0, 0, 0, 0, 0, 0, 0, 0, 0, 0, 0, 0, 0, 0, 0, 0, 0, 0, 0, 0, 0, 0, 0, 0, 0, 0, 0, 0, 0, 0, 0, 0, 0, 0, 0, 0, 0, 0, 0, 0, 0, 0, 0, 0, 0, 0, 0, 0, 0, 0, 0, 0, 0, 0, 0, 0, 44, 0, 0, 0, 0, 0, 0, 0, 0, 0, 0, 0, 23, 0, 0, 0, 0, 0, 0, 0, 0, 0, 0, 210, 210, 70, 210, 210, 210, 0, 0, 0, 0, 0, 0, 0, 0, 0, 0, 0, 0, 0, 0, 0, 0, 0, 0, 0, 0, 0, 0, 0, 0, 0, 0, 0, 0, 0, 0, 0, 0, 0, 0, 0, 0, 0, 0, 0, 0, 0, 0, 0, 0, 0, 0, 0, 0, 0, 0, 0, 0, 0, 0, 0, 0, 0, 0, 0, 0, 0, 0, 0, 0, 0, 0, 0, 0, 0, 0, 0, 0, 0, 0, 0, 0, 0, 0, 0, 0, 0, 0, 0, 0, 0, 0, 0, 0, 0, 0, 0, 0, 0, 0, 0, 0, 0, 0, 0, 0, 0, 0, 0, 0, 0, 0, 0, 0, 0, 0, 0, 0, 0, 0, 0, 0, 0, 0, 0, 0],
         "height":20,
         "name":"Background2",
         "opacity":1,
         "type":"tilelayer",
         "visible":true,
         "width":30,
         "x":0,
         "y":0
        }, 
        {
         "data":[169, 169, 169, 169, 169, 169, 169, 169, 169, 169, 169, 169, 169, 169, 169, 169, 169, 169, 169, 169, 169, 169, 169, 169, 169, 169, 169, 169, 169, 169, 169, 0, 0, 0, 0, 0, 0, 0, 0, 0, 0, 0, 0, 0, 0, 0, 0, 0, 0, 0, 0, 0, 0, 0, 0, 0, 0, 0, 0, 169, 169, 0, 0, 0, 0, 0, 0, 0, 0, 0, 0, 0, 0, 0, 0, 0, 0, 0, 0, 0, 0, 0, 0, 0, 0, 0, 0, 0, 0, 169, 169, 0, 0, 0, 0, 0, 0, 0, 0, 0, 0, 0, 0, 0, 0, 0, 0, 0, 0, 0, 0, 0, 0, 0, 0, 0, 0, 0, 0, 169, 169, 0, 0, 0, 0, 0, 0, 0, 0, 0, 0, 0, 0, 0, 0, 0, 0, 0, 0, 0, 0, 0, 0, 0, 0, 0, 0, 0, 0, 169, 169, 0, 0, 0, 0, 0, 0, 0, 0, 0, 0, 0, 0, 0, 0, 0, 0, 0, 0, 0, 0, 0, 0, 0, 0, 0, 0, 0, 0, 169, 169, 0, 0, 0, 0, 0, 0, 0, 0, 0, 0, 0, 0, 0, 0, 0, 0, 0, 0, 0, 0, 0, 0, 0, 0, 0, 0, 0, 0, 169, 169, 0, 0, 0, 0, 0, 0, 0, 0, 0, 0, 0, 0, 0, 139, 112, 112, 113, 0, 0, 0, 0, 0, 0, 0, 0, 0, 0, 0, 169, 169, 0, 0, 0, 0, 0, 0, 0, 0, 0, 0, 0, 0, 0, 0, 165, 165, 0, 0, 0, 0, 0, 0, 0, 0, 0, 0, 0, 0, 169, 169, 0, 0, 0, 0, 0, 0, 0, 0, 0, 0, 0, 0, 0, 0, 165, 165, 0, 0, 0, 0, 0, 0, 0, 0, 0, 0, 0, 0, 169, 169, 0, 0, 0, 0, 0, 0, 0, 0, 139, 112, 112, 113, 0, 0, 165, 165, 0, 0, 0, 0, 0, 0, 0, 0, 0, 0, 0, 0, 169, 169, 0, 0, 0, 0, 0, 0, 0, 0, 0, 165, 165, 0, 0, 0, 165, 165, 0, 0, 0, 0, 0, 0, 0, 0, 0, 0, 0, 0, 169, 169, 0, 0, 0, 0, 0, 0, 0, 0, 0, 165, 165, 0, 0, 0, 165, 165, 0, 0, 0, 0, 0, 0, 0, 0, 0, 0, 0, 0, 169, 169, 0, 0, 0, 139, 112, 112, 113, 0, 0, 165, 165, 0, 0, 0, 165, 165, 0, 0, 0, 0, 0, 0, 0, 0, 0, 0, 0, 0, 169, 169, 0, 0, 0, 0, 165, 165, 0, 0, 0, 165, 165, 0, 0, 0, 165, 165, 0, 0, 0, 0, 0, 0, 0, 0, 0, 0, 0, 0, 169, 169, 0, 0, 0, 0, 165, 165, 0, 0, 0, 165, 165, 0, 0, 0, 165, 165, 0, 0, 0, 0, 0, 0, 0, 0, 0, 0, 0, 0, 169, 112, 112, 112, 112, 112, 165, 165, 112, 112, 112, 165, 165, 112, 112, 112, 165, 165, 112, 112, 112, 112, 112, 112, 112, 112, 112, 112, 112, 112, 112, 165, 165, 165, 165, 165, 165, 165, 165, 165, 165, 165, 165, 165, 165, 165, 165, 165, 165, 165, 165, 165, 165, 165, 165, 165, 165, 165, 165, 165, 165, 165, 165, 165, 165, 165, 165, 165, 165, 165, 165, 165, 165, 165, 165, 165, 165, 165, 165, 165, 165, 165, 165, 165, 165, 165, 165, 165, 165, 165, 165, 165, 165, 165, 165, 165, 165, 165, 165, 165, 165, 165, 165, 165, 165, 165, 165, 165, 165, 165, 165, 165, 165, 165, 165, 165, 165, 165, 165, 165, 165],
         "height":20,
         "name":"Tilemap",
         "opacity":1,
         "type":"tilelayer",
         "visible":true,
         "width":30,
         "x":0,
         "y":0
        }, 
        {
         "height":20,
         "name":"Spawns",
         "objects":[
                {
                 "height":70,
                 "name":"Barnacle1",
                 "properties":
                    {

                    },
                 "type":"Barnacle",
                 "visible":true,
                 "width":70,
                 "x":280,
                 "y":840
                }, 
                {
                 "height":70,
                 "name":"Barnacle2",
                 "properties":
                    {

                    },
                 "type":"Barnacle",
                 "visible":true,
                 "width":70,
                 "x":490,
                 "y":840
                }, 
                {
                 "height":0,
                 "name":"Barnacle3",
                 "properties":
                    {

                    },
                 "type":"Barnacle",
                 "visible":true,
                 "width":70,
                 "x":630,
                 "y":630
                }, 
                {
                 "height":70,
                 "name":"Barnacle4",
                 "properties":
                    {

                    },
                 "type":"Barnacle",
                 "visible":true,
                 "width":70,
                 "x":840,
                 "y":630
                }, 
                {
                 "height":70,
                 "name":"Barnacle5",
                 "properties":
                    {

                    },
                 "type":"Barnacle",
                 "visible":true,
                 "width":70,
                 "x":980,
                 "y":420
                }, 
                {
                 "height":70,
                 "name":"Barnacle6",
                 "properties":
                    {

                    },
                 "type":"Barnacle",
                 "visible":true,
                 "width":70,
                 "x":1190,
                 "y":420
                }, 
                {
                 "height":70,
                 "name":"Player",
                 "properties":
                    {

                    },
                 "type":"Player",
                 "visible":true,
                 "width":70,
                 "x":140,
                 "y":1050
                }, 
                {
                 "height":70,
                 "name":"Slime",
                 "properties":
                    {
                     "jumpHeight":"5"
                    },
                 "type":"Slime",
                 "visible":true,
                 "width":70,
                 "x":1330,
                 "y":1050
                }, 
                {
                 "height":70,
                 "name":"Bee",
                 "properties":
                    {
                     "velocity":"6",
                     "waypoints":"[{\"x\":13,\"y\":3},{\"x\":13,\"y\":9.5}]"
                    },
                 "type":"Bee",
                 "visible":true,
                 "width":70,
                 "x":910,
                 "y":630
                }],
         "opacity":1,
         "type":"objectgroup",
         "visible":true,
         "width":30,
         "x":0,
         "y":0
        }, 
        {
         "height":20,
         "name":"Objects",
         "objects":[
                {
                 "gid":65,
                 "height":0,
                 "name":"Exit",
                 "properties":
                    {

                    },
                 "type":"Exit",
                 "visible":true,
                 "width":0,
                 "x":1820,
                 "y":1120
                }, 
                {
                 "gid":204,
                 "height":0,
                 "name":"Gem",
                 "properties":
                    {

                    },
                 "type":"Gem",
                 "visible":true,
                 "width":0,
                 "x":1330,
                 "y":1120
                }],
         "opacity":1,
         "type":"objectgroup",
         "visible":true,
         "width":30,
         "x":0,
         "y":0
        }],
 "orientation":"orthogonal",
 "properties":
    {

    },
 "tileheight":70,
 "tilesets":[
        {
         "firstgid":1,
         "image":"base_tiles_spritesheet.png",
         "imageheight":936,
         "imagewidth":936,
         "margin":0,
         "name":"Tiles",
         "properties":
            {

            },
         "spacing":2,
         "tileheight":70,
         "tilewidth":70
        }, 
        {
         "firstgid":170,
         "image":"items_spritesheet.png",
         "imageheight":576,
         "imagewidth":576,
         "margin":0,
         "name":"Items",
         "properties":
            {

            },
         "spacing":2,
         "tileheight":70,
         "tilewidth":70
        }],
 "tilewidth":70,
 "version":1,
 "width":30
}