<TextureAtlas imagePath="sheet.png">
	<SubTexture name="barnacle.png" x="318" y="239" width="51" height="57"/>
	<SubTexture name="barnacle_bite.png" x="528" y="220" width="51" height="58"/>
	<SubTexture name="barnacle_dead.png" x="477" y="220" width="51" height="57"/>
	<SubTexture name="barnacle_hit.png" x="477" y="350" width="51" height="57"/>
	<SubTexture name="bat.png" x="71" y="235" width="70" height="47"/>
	<SubTexture name="bat_dead.png" x="71" y="188" width="70" height="47"/>
	<SubTexture name="bat_fly.png" x="0" y="0" width="88" height="37"/>
	<SubTexture name="bat_hang.png" x="571" y="406" width="38" height="48"/>
	<SubTexture name="bat_hit.png" x="71" y="141" width="70" height="47"/>
	<SubTexture name="bee.png" x="315" y="353" width="56" height="48"/>
	<SubTexture name="bee_dead.png" x="315" y="305" width="56" height="48"/>
	<SubTexture name="bee_fly.png" x="140" y="23" width="61" height="42"/>
	<SubTexture name="bee_hit.png" x="315" y="44" width="56" height="48"/>
	<SubTexture name="fishGreen.png" x="202" y="126" width="60" height="45"/>
	<SubTexture name="fishGreen_dead.png" x="197" y="390" width="60" height="45"/>
	<SubTexture name="fishGreen_hit.png" x="314" y="424" width="57" height="44"/>
	<SubTexture name="fishGreen_swim.png" x="261" y="216" width="57" height="44"/>
	<SubTexture name="fishPink.png" x="201" y="0" width="60" height="45"/>
	<SubTexture name="fishPink_dead.png" x="201" y="248" width="60" height="45"/>
	<SubTexture name="fishPink_hit.png" x="314" y="424" width="57" height="44"/>
	<SubTexture name="fishPink_swim.png" x="261" y="0" width="57" height="44"/>
	<SubTexture name="fly.png" x="262" y="114" width="57" height="45"/>
	<SubTexture name="fly_dead.png" x="261" y="171" width="57" height="45"/>
	<SubTexture name="fly_fly.png" x="71" y="333" width="65" height="39"/>
	<SubTexture name="fly_hit.png" x="261" y="260" width="57" height="45"/>
	<SubTexture name="frog.png" x="257" y="45" width="58" height="39"/>
	<SubTexture name="frog_dead.png" x="140" y="282" width="61" height="54"/>
	<SubTexture name="frog_hit.png" x="141" y="133" width="61" height="54"/>
	<SubTexture name="frog_leap.png" x="197" y="336" width="61" height="54"/>
	<SubTexture name="ghost.png" x="528" y="147" width="51" height="73"/>
	<SubTexture name="ghost_dead.png" x="477" y="277" width="51" height="73"/>
	<SubTexture name="ghost_hit.png" x="477" y="147" width="51" height="73"/>
	<SubTexture name="ghost_normal.png" x="371" y="386" width="51" height="73"/>
	<SubTexture name="grassBlock.png" x="0" y="141" width="71" height="70"/>
	<SubTexture name="grassBlock_dead.png" x="0" y="371" width="71" height="70"/>
	<SubTexture name="grassBlock_hit.png" x="0" y="441" width="71" height="70"/>
	<SubTexture name="grassBlock_jump.png" x="0" y="211" width="71" height="70"/>
	<SubTexture name="grassPlatform.png" x="579" y="272" width="209" height="39"/>
	<SubTexture name="grassPlatformLarge.png" x="210" y="0" width="585" height="39"/>
	<SubTexture name="ladyBug.png" x="141" y="248" width="58" height="34"/>
	<SubTexture name="ladyBug_fly.png" x="201" y="293" width="59" height="42"/>
	<SubTexture name="ladyBug_hit.png" x="257" y="390" width="58" height="34"/>
	<SubTexture name="ladyBug_walk.png" x="135" y="99" width="61" height="34"/>
	<SubTexture name="mouse.png" x="197" y="475" width="59" height="35"/>
	<SubTexture name="mouse_dead.png" x="202" y="206" width="59" height="35"/>
	<SubTexture name="mouse_hit.png" x="202" y="171" width="59" height="35"/>
	<SubTexture name="mouse_walk.png" x="256" y="475" width="58" height="35"/>
	<SubTexture name="piranha.png" x="529" y="60" width="45" height="60"/>
	<SubTexture name="piranha_dead.png" x="528" y="346" width="45" height="60"/>
	<SubTexture name="piranha_down.png" x="529" y="0" width="45" height="60"/>
	<SubTexture name="piranha_hit.png" x="573" y="346" width="45" height="60"/>
	<SubTexture name="slime.png" x="526" y="457" width="49" height="34"/>
	<SubTexture name="slimeBlock.png" x="371" y="459" width="51" height="50"/>
	<SubTexture name="slimeBlock_dead.png" x="477" y="407" width="51" height="50"/>
	<SubTexture name="slimeBlock_hit.png" x="372" y="187" width="51" height="50"/>
	<SubTexture name="slimeBlue.png" x="528" y="278" width="49" height="34"/>
	<SubTexture name="slimeBlue_blue.png" x="258" y="335" width="57" height="30"/>
	<SubTexture name="slimeBlue_dead.png" x="373" y="0" width="49" height="34"/>
	<SubTexture name="slimeBlue_hit.png" x="477" y="457" width="49" height="34"/>
	<SubTexture name="slimeBlue_squashed.png" x="257" y="454" width="57" height="13"/>
	<SubTexture name="slimeGreen.png" x="140" y="65" width="49" height="34"/>
	<SubTexture name="slimeGreen_dead.png" x="425" y="147" width="49" height="34"/>
	<SubTexture name="slimeGreen_hit.png" x="477" y="457" width="49" height="34"/>
	<SubTexture name="slimeGreen_squashed.png" x="576" y="457" width="57" height="34"/>
	<SubTexture name="slimeGreen_walk.png" x="578" y="312" width="57" height="34"/>
	<SubTexture name="slime_dead.png" x="528" y="312" width="49" height="34"/>
	<SubTexture name="slime_hit.png" x="477" y="457" width="49" height="34"/>
	<SubTexture name="slime_squashed.png" x="258" y="365" width="57" height="13"/>
	<SubTexture name="slime_walk.png" x="257" y="424" width="57" height="30"/>
	<SubTexture name="snail.png" x="314" y="468" width="55" height="40"/>
	<SubTexture name="snail_hit.png" x="318" y="0" width="55" height="40"/>
	<SubTexture name="snail_shell.png" x="528" y="406" width="43" height="35"/>
	<SubTexture name="snail_walk.png" x="197" y="435" width="60" height="40"/>
	<SubTexture name="snake.png" x="88" y="0" width="63" height="23"/>
	<SubTexture name="snakeLava.png" x="372" y="40" width="53" height="147"/>
	<SubTexture name="snakeLava_ani.png" x="477" y="0" width="52" height="147"/>
	<SubTexture name="snakeLava_dead.png" x="424" y="334" width="53" height="147"/>
	<SubTexture name="snakeLava_hit.png" x="371" y="239" width="53" height="147"/>
	<SubTexture name="snakeSlime.png" x="425" y="40" width="53" height="147"/>
	<SubTexture name="snakeSlime_ani.png" x="425" y="0" width="52" height="147"/>
	<SubTexture name="snakeSlime_dead.png" x="319" y="92" width="53" height="147"/>
	<SubTexture name="snakeSlime_hit.png" x="371" y="239" width="53" height="147"/>
	<SubTexture name="snake_dead.png" x="72" y="99" width="63" height="23"/>
	<SubTexture name="snake_hit.png" x="134" y="457" width="63" height="23"/>
	<SubTexture name="snake_walk.png" x="134" y="434" width="63" height="23"/>
	<SubTexture name="spider.png" x="0" y="326" width="71" height="45"/>
	<SubTexture name="spider_dead.png" x="71" y="282" width="69" height="51"/>
	<SubTexture name="spider_hit.png" x="0" y="281" width="71" height="45"/>
	<SubTexture name="spider_walk1.png" x="0" y="90" width="72" height="51"/>
	<SubTexture name="spider_walk2.png" x="0" y="37" width="77" height="53"/>
	<SubTexture name="spinner.png" x="134" y="372" width="63" height="62"/>
	<SubTexture name="spinnerHalf.png" x="71" y="449" width="63" height="31"/>
	<SubTexture name="spinnerHalf_dead.png" x="71" y="418" width="63" height="31"/>
	<SubTexture name="spinnerHalf_hit.png" x="136" y="336" width="61" height="30"/>
	<SubTexture name="spinnerHalf_spin.png" x="134" y="480" width="61" height="30"/>
	<SubTexture name="spinner_dead.png" x="77" y="37" width="63" height="62"/>
	<SubTexture name="spinner_hit.png" x="141" y="187" width="61" height="61"/>
	<SubTexture name="spinner_spin.png" x="196" y="65" width="61" height="61"/>
	<SubTexture name="worm.png" x="71" y="372" width="63" height="23"/>
	<SubTexture name="worm_dead.png" x="71" y="480" width="63" height="23"/>
	<SubTexture name="worm_hit.png" x="134" y="457" width="63" height="23"/>
	<SubTexture name="worm_walk.png" x="71" y="395" width="63" height="23"/>
</TextureAtlas>